IDA-manhattan, IDA-my, RBFS-manhattan, RBFS-my
0.002997875213623047,0.014986038208007812
0.003996372222900391,0.0379638671875
0.0039958953857421875,0.04595613479614258
0.00299835205078125,0.003006458282470703
0.0029859542846679688,0.0019979476928710938
0.002997875213623047,0.0030095577239990234
0.004996061325073242,0.010989904403686523
0.0049932003021240234,0.08292412757873535
0.0019979476928710938,0.01898193359375
0.0029985904693603516,0.0019979476928710938