IDA-manhattan, IDA-my, RBFS-manhattan, RBFS-my
i = 2
0.0059854984283447266,0.0399622917175293
0.005994081497192383,0.06793498992919922
0.003995656967163086,0.003996849060058594
0.00399017333984375,0.009990453720092773
0.004996299743652344,0.030971050262451172
0.0019981861114501953,0.014985799789428711
0.001999378204345703,0.01098942756652832
0.002996206283569336,0.0029993057250976562
0.006995439529418945,0.055947303771972656
0.006993532180786133,0.020979881286621094
